entry_point,difficulty_level
has_close_elements,medium
separate_paren_groups,medium
truncate_number,medium
below_zero,medium
mean_absolute_deviation,easy
intersperse,medium
parse_nested_parens,medium
filter_by_substring,medium
sum_product,easy
rolling_max,easy
make_palindrome,hard
string_xor,hard
longest,easy
greatest_common_divisor,medium
all_prefixes,medium
string_sequence,medium
count_distinct_characters,medium
parse_music,easy
how_many_times,medium
sort_numbers,medium
find_closest_elements,easy
rescale_to_unit,medium
filter_integers,medium
strlen,easy
largest_divisor,medium
factorize,medium
remove_duplicates,medium
flip_case,medium
concatenate,medium
filter_by_prefix,medium
get_positive,medium
is_prime,medium
find_zero,hard
sort_third,hard
unique,medium
max_element,easy
fizz_buzz,medium
sort_even,medium
decode_cyclic,easy
prime_fib,medium
triples_sum_to_zero,easy
car_race_collision,medium
incr_list,medium
pairs_sum_to_zero,easy
change_base,medium
triangle_area,easy
fib4,hard
median,medium
is_palindrome,medium
modp,medium
decode_shift,medium
remove_vowels,medium
below_threshold,medium
add,medium
same_chars,medium
fib,medium
correct_bracketing,medium
monotonic,medium
common,medium
largest_prime_factor,easy
sum_to_n,easy
correct_bracketing,medium
derivative,hard
fibfib,hard
vowels_count,medium
circular_shift,medium
digitSum,easy
fruit_distribution,medium
pluck,hard
search,medium
strange_sort_list,medium
triangle_area,easy
will_it_fly,easy
smallest_change,easy
total_match,easy
is_multiply_prime,medium
is_simple_power,easy
iscube,easy
hex_key,easy
decimal_to_binary,medium
is_happy,easy
numerical_letter_grade,hard
prime_length,easy
starts_one_ends,medium
solve,easy
add,medium
anti_shuffle,medium
get_row,medium
sort_array,medium
encrypt,medium
next_smallest,medium
is_bored,medium
any_int,easy
encode,easy
skjkasdkd,easy
check_dict_case,medium
count_up_to,easy
multiply,easy
count_upper,medium
closest_integer,medium
make_a_pile,easy
words_string,medium
choose_num,medium
rounded_avg,easy
unique_digits,medium
by_length,medium
f,easy
even_odd_palindrome,medium
count_nums,easy
move_one_ball,medium
exchange,easy
histogram,medium
reverse_delete,medium
odd_count,medium
minSubArraySum,easy
max_fill,easy
sort_array,medium
select_words,easy
get_closest_vowel,easy
match_parens,medium
maximum,medium
solution,easy
add_elements,easy
get_odd_collatz,medium
valid_date,medium
split_words,medium
is_sorted,medium
intersection,easy
prod_signs,easy
minPath,hard
tri,easy
digits,medium
is_nested,medium
sum_squares,easy
check_if_last_char_is_a_letter,easy
can_arrange,medium
largest_smallest_integers,medium
compare_one,medium
is_equal_to_sum_even,easy
special_factorial,medium
fix_spaces,medium
file_name_check,medium
sum_squares,easy
words_in_sentence,easy
simplify,easy
order_by_points,medium
specialFilter,medium
get_max_triples,easy
bf,medium
sorted_list_sum,medium
x_or_y,easy
double_the_difference,easy
compare,easy
Strongest_Extension,medium
cycpattern_check,easy
even_odd_count,medium
int_to_mini_roman,easy
right_angle_triangle,easy
find_max,hard
eat,medium
do_algebra,easy
solve,medium
string_to_md5,medium
generate_integers,medium